date,niveau_nappe,pluie_mm,etp_mm,scenario
2026-03-01,114.33328677227999,1.4721874999999998,1.0853125,dry
2026-03-02,114.33021601818434,1.506206896551724,1.2768965517241377,dry
2026-03-03,114.32846270843294,1.5531249999999999,1.15359375,dry
2026-03-04,114.32437322024049,1.505,1.0473214285714285,dry
2026-03-05,114.3194884759935,1.3975862068965517,1.2610344827586206,dry
2026-03-06,114.31714791723691,1.404375,1.4015624999999998,dry
2026-03-07,114.31438745385684,1.2117241379310344,1.3720689655172411,dry
2026-03-08,114.31088457300943,0.9146666666666667,1.372333333333333,dry
2026-03-09,114.30883081391238,0.788148148148148,1.477962962962963,dry
2026-03-10,114.30695977811672,1.6683333333333332,1.4451666666666667,dry
2026-03-11,114.30337041356586,0.883448275862069,1.4236206896551722,dry
2026-03-12,114.2986625445605,0.9027586206896551,1.4434482758620686,dry
2026-03-13,114.29352343483127,0.65,1.404642857142857,dry
2026-03-14,114.28858963135924,0.835,1.6428571428571428,dry
2026-03-15,114.28506322335467,0.26599999999999996,1.6560000000000001,dry
2026-03-16,114.28256089989061,0.6111538461538462,1.7957692307692306,dry
2026-03-17,114.27957341696903,0.5672413793103448,1.6893103448275861,dry
2026-03-18,114.27658569368707,1.1643333333333332,1.717333333333333,dry
2026-03-19,114.27441317430126,0.77,1.6866666666666663,dry
2026-03-20,114.26947326692826,0.6439999999999999,1.8668333333333333,dry
2026-03-21,114.26425718897498,0.9566666666666667,1.7590740740740738,dry
2026-03-22,114.2627106156148,0.8218518518518519,1.9677777777777778,dry
2026-03-23,114.26153694859165,0.938,1.8123999999999998,dry
2026-03-24,114.25912480099153,1.316875,1.8974999999999997,dry
2026-03-25,114.25620724028227,0.8581481481481482,1.9251851851851853,dry
2026-03-26,114.25303765590752,1.0837931034482757,1.9827586206896548,dry
2026-03-27,114.24963486368189,1.3724999999999998,1.9139285714285714,dry
2026-03-28,114.24631366407095,1.3175000000000001,1.9262499999999998,dry
2026-03-29,114.24281921966258,1.3387499999999999,2.0124999999999997,dry
2026-03-30,114.239713511857,1.4825,2.020714285714286,dry
2026-03-31,114.23677150155697,0.914375,2.3359375,dry
2026-04-01,114.23341926449434,0.8487499999999999,2.314375,dry
2026-04-02,114.22995324813711,1.2064705882352942,2.3304411764705883,dry
2026-04-03,114.22662004205671,1.3081249999999998,2.1490625,dry
2026-04-04,114.22337039280963,1.4181481481481482,2.2105555555555556,dry
2026-04-05,114.22004208670101,0.48999999999999994,2.2403703703703703,dry
2026-04-06,114.21659161627781,0.8520689655172412,2.510172413793103,dry
2026-04-07,114.2131671441019,0.8553125,2.5407812499999998,dry
2026-04-08,114.20972606763813,1.6999999999999997,2.4273214285714286,dry
2026-04-09,114.20621312705424,0.7373333333333334,2.576,dry
2026-04-10,114.20270157289704,0.8726666666666666,2.3958333333333335,dry
2026-04-11,114.19921146455711,0.666206896551724,2.569655172413793,dry
2026-04-12,114.19576523366548,1.1630769230769231,2.543269230769231,dry
2026-04-13,114.19243764761273,0.7414814814814815,2.3468518518518517,dry
2026-04-14,114.18926255715006,1.8449999999999998,2.246607142857143,dry
2026-04-15,114.18607850907294,0.6836666666666666,2.533833333333333,dry
2026-04-16,114.18282779328196,0.5988888888888889,2.8835185185185184,dry
2026-04-17,114.17939835755101,0.36346153846153845,3.078461538461538,dry
2026-04-18,114.17587035935024,0.6637931034482758,2.914655172413793,dry
2026-04-19,114.17233322091462,0.9125,3.014642857142857,dry
2026-04-20,114.16869802780302,0.6057692307692307,3.326153846153846,dry
2026-04-21,114.1648839672315,0.8203999999999999,3.0682,dry
2026-04-22,114.16098230882979,0.6818518518518518,2.909074074074074,dry
2026-04-23,114.15714821103329,1.0929032258064515,2.9566129032258064,dry
2026-04-24,114.15345034363958,1.505,2.76,dry
2026-04-25,114.14986977819382,0.7289655172413794,2.684655172413793,dry
2026-04-26,114.14651561205591,1.4215384615384616,2.3751923076923074,dry
2026-04-27,114.14322514548371,1.015,3.1002083333333332,dry
2026-04-28,114.14000609881883,1.2885185185185184,2.6024074074074073,dry
2026-04-29,114.1368705309894,1.6149999999999998,2.5875,dry
2026-04-30,114.13381211680634,2.349117647058823,2.7160294117647057,dry
2026-05-01,114.13054014517563,1.718181818181818,2.6484848484848484,dry
2026-05-02,114.12726525779458,1.153793103448276,2.8829310344827586,dry
2026-05-03,114.12404642676317,0.8496551724137932,2.6886206896551723,dry
2026-05-04,114.12099906375964,0.9751724137931033,3.001896551724138,dry
2026-05-05,114.11799311909047,0.9775,2.8791071428571424,dry
2026-05-06,114.11502090075766,2.1975000000000002,2.7394642857142855,dry
2026-05-07,114.11202126064337,1.0875,3.1460714285714277,dry
2026-05-08,114.108945294843,1.1876666666666664,3.0934999999999997,dry
2026-05-09,114.10587236020092,0.868,2.9785,dry
2026-05-10,114.10273954580781,1.8974999999999997,2.9325,dry
2026-05-11,114.09964635351555,1.3082758620689656,3.176379310344827,dry
2026-05-12,114.09654502687091,0.8296296296296295,3.019814814814815,dry
2026-05-13,114.09333743502614,1.5837499999999998,3.3098437499999998,dry
2026-05-14,114.09018670866672,1.0451724137931033,3.093103448275862,dry
2026-05-15,114.08703952890181,1.3813333333333333,3.1663333333333328,dry
2026-05-16,114.08383629935425,0.9749999999999999,3.2035714285714283,dry
2026-05-17,114.08046342419307,1.0741379310344827,3.493620689655172,dry
2026-05-18,114.0770591840618,1.61,3.453965517241379,dry
2026-05-19,114.07350479865238,1.8293333333333335,3.6685,dry
2026-05-20,114.06989170322417,2.244516129032258,3.32758064516129,dry
2026-05-21,114.06618477157045,2.211481481481481,3.6799999999999997,dry
2026-05-22,114.0624426151697,1.1363333333333332,3.565,dry
2026-05-23,114.05865065417953,0.8423333333333333,3.5726666666666667,dry
2026-05-24,114.0549197125662,0.928148148148148,3.3648148148148147,dry
2026-05-25,114.0511930615528,1.7476666666666665,3.7221666666666664,dry
2026-05-26,114.04752327762667,0.8882758620689654,3.6958620689655173,dry
2026-05-27,114.0438012784386,1.1199999999999999,3.5948148148148147,dry
2026-05-28,114.04017340140453,2.1751851851851853,3.4755555555555553,dry
2026-05-29,114.03647618316559,1.139310344827586,3.929827586206896,dry
2026-05-30,114.03271154014502,1.0775757575757574,3.8298484848484846,dry
2026-05-31,114.0289041792532,1.9184375,3.838125,dry
2026-06-01,114.02475556487177,1.4437499999999999,3.9998437499999997,dry
2026-06-02,114.02059317088413,0.9216666666666666,4.086333333333333,dry
2026-06-03,114.01646095702233,2.3925,3.6553571428571425,dry
2026-06-04,114.01238083154081,2.9749999999999996,3.641666666666666,dry
2026-06-05,114.00850032588612,2.2279310344827583,3.5015517241379306,dry
2026-06-06,114.00478099513217,1.2464516129032257,3.3572580645161287,dry
2026-06-07,114.00100707688016,1.4186666666666663,4.017333333333333,dry
2026-06-08,113.9971046220149,2.0948148148148147,4.484999999999999,dry
2026-06-09,113.99326007574346,1.2841379310344827,4.013103448275862,dry
2026-06-10,113.98931059767928,1.27,4.148214285714285,dry
2026-06-11,113.98532706438914,2.0944,3.8042,dry
2026-06-12,113.98132406778123,0.707,3.8754999999999993,dry
2026-06-13,113.9772294005007,1.5716129032258064,4.0249999999999995,dry
2026-06-14,113.97319940922819,1.0675000000000001,3.992142857142857,dry
2026-06-15,113.96938084841905,0.6196296296296296,4.033518518518519,dry
2026-06-16,113.96550731912087,0.9722222222222221,4.438148148148148,dry
2026-06-17,113.96159698881041,1.275,4.135892857142857,dry
2026-06-18,113.95750466648973,1.6624999999999999,4.3652083333333325,dry
2026-06-19,113.95329719577839,2.6774999999999998,4.246785714285714,dry
2026-06-20,113.9490604450021,0.6784615384615384,3.9984615384615383,dry
2026-06-21,113.94473257508847,1.1603846153846153,4.520384615384615,dry
2026-06-22,113.94047452634763,1.8996551724137931,4.1915517241379305,dry
2026-06-23,113.93623387681824,0.4275,4.6657142857142855,dry
2026-06-24,113.93178374636469,0.5986206896551725,5.067931034482759,dry
2026-06-25,113.92731385166029,1.6341379310344828,4.401724137931034,dry
2026-06-26,113.92276985170508,0.8086206896551723,4.754655172413793,dry
2026-06-27,113.91808846829984,0.5125,4.636964285714286,dry
2026-06-28,113.91336694891345,1.0379310344827586,4.647586206896552,dry
2026-06-29,113.90848658375545,0.8467741935483871,4.937580645161289,dry
2026-06-30,113.90372690041346,1.0351515151515152,4.46060606060606,dry
2026-07-01,113.89884759483368,0.8506060606060605,4.37,dry
2026-07-02,113.89387901628497,1.2196969696969697,4.78469696969697,dry
2026-07-03,113.88901540029902,1.6613333333333333,4.5195,dry
2026-07-04,113.88423755748332,1.425925925925926,4.416851851851852,dry
2026-07-05,113.87966610665029,1.309,4.1706666666666665,dry
2026-07-06,113.87526781902723,1.9296666666666666,4.3355,dry
2026-07-07,113.87080733298365,1.14,4.760178571428571,dry
2026-07-08,113.86629008898751,1.7606060606060605,4.6453030303030305,dry
2026-07-09,113.86174825859591,0.7293548387096772,4.796612903225806,dry
2026-07-10,113.85720511863843,1.1503333333333332,4.703499999999999,dry
2026-07-11,113.85260104747744,0.3603703703703703,4.9279629629629635,dry
2026-07-12,113.84801967782084,1.7406666666666664,4.412166666666666,dry
2026-07-13,113.84355847711694,2.3423076923076924,4.436346153846154,dry
2026-07-14,113.83917073069459,1.3475000000000001,4.6575,dry
2026-07-15,113.83463977360199,0.623,5.217166666666666,dry
2026-07-16,113.83009998393095,0.9614705882352941,4.867205882352941,dry
2026-07-17,113.82548001529698,0.5366666666666666,5.109833333333333,dry
2026-07-18,113.82066152919475,0.7816666666666666,5.539166666666666,dry
2026-07-19,113.8155927706097,1.765,5.314642857142857,dry
2026-07-20,113.81049479699303,1.7306896551724136,4.806206896551724,dry
2026-07-21,113.80543298016765,0.5803225806451612,4.829999999999999,dry
2026-07-22,113.80052568464089,0.3475862068965517,4.798275862068965,dry
2026-07-23,113.79561648508448,1.484,4.967999999999999,dry
2026-07-24,113.79073070709642,2.2524999999999995,4.813571428571429,dry
2026-07-25,113.78612014854454,0.8648387096774194,4.726129032258065,dry
2026-07-26,113.78175664565133,1.668709677419355,4.1214516129032255,dry
2026-07-27,113.77754442831018,2.0024999999999995,3.8935714285714282,dry
2026-07-28,113.7734679555113,0.8964516129032258,4.062096774193548,dry
2026-07-29,113.76952948832358,0.5527586206896551,4.290689655172414,dry
2026-07-30,113.76571813180304,1.0616666666666665,4.527166666666666,dry
2026-07-31,113.76203587080758,0.644,4.5923333333333325,dry
2026-08-01,113.7581510313662,0.9165625,4.61078125,dry
2026-08-02,113.75422126782537,0.9727586206896551,4.679310344827585,dry
2026-08-03,113.75023618755515,0.2775862068965517,4.4929310344827575,dry
2026-08-04,113.74630734785154,1.5206896551724138,4.346206896551724,dry
2026-08-05,113.74240214450894,1.036,4.603833333333332,dry
2026-08-06,113.73858332241953,1.2216129032258063,4.466451612903226,dry
2026-08-07,113.7347728890763,1.9675,4.7725,dry
2026-08-08,113.73100503523297,1.3424999999999998,4.554821428571429,dry
2026-08-09,113.7273412654684,1.1875,4.107142857142857,dry
2026-08-10,113.72358951982295,0.9099999999999999,4.3332,dry
2026-08-11,113.71979715177007,0.7746666666666666,4.416,dry
2026-08-12,113.7159604055975,0.6674999999999999,4.825892857142857,dry
2026-08-13,113.71219812512992,1.013939393939394,4.272424242424242,dry
2026-08-14,113.70865242491534,1.4285185185185185,3.9355555555555557,dry
2026-08-15,113.7052841258899,1.4574999999999998,3.93875,dry
2026-08-16,113.70184177402561,0.33749999999999997,4.304285714285714,dry
2026-08-17,113.6984469268319,1.2436666666666667,3.8716666666666666,dry
2026-08-18,113.69521431203802,1.4513333333333331,3.591833333333333,dry
2026-08-19,113.69228654876802,1.0553846153846154,3.733076923076923,dry
2026-08-20,113.68955193670978,1.460967741935484,3.4982258064516127,dry
2026-08-21,113.6868300304383,0.646896551724138,3.913965517241379,dry
2026-08-22,113.68411934740443,1.0024,3.8777999999999997,dry
2026-08-23,113.68146967895039,1.3390322580645162,3.8877419354838705,dry
2026-08-24,113.6788287738643,0.8810344827586206,3.8465517241379303,dry
2026-08-25,113.67628948534299,1.9107407407407409,3.556481481481481,dry
2026-08-26,113.67390346659487,1.3372413793103448,3.8505172413793103,dry
2026-08-27,113.6715759084409,1.0850000000000002,3.6301666666666663,dry
2026-08-28,113.6692604706252,0.6187096774193548,3.809838709677419,dry
2026-08-29,113.66699109174031,1.2496296296296294,3.5948148148148147,dry
2026-08-30,113.66491539724981,0.35,3.3120000000000003,dry
2026-08-31,113.662881840116,1.1072727272727274,3.54060606060606,dry
2026-09-01,113.66049610644102,0.6193939393939393,3.376818181818182,dry
2026-09-02,113.65821214680896,0.9309999999999998,3.407833333333333,dry
2026-09-03,113.65600735206873,1.477241379310345,3.3667241379310346,dry
2026-09-04,113.65398699936526,1.0173333333333332,3.089666666666666,dry
2026-09-05,113.65205659700855,0.8849999999999999,3.2692857142857137,dry
2026-09-06,113.65016406794912,1.203548387096774,3.0159677419354836,dry
2026-09-07,113.64834250917345,1.2299999999999998,3.273392857142857,dry
2026-09-08,113.64647443551078,1.4949999999999999,3.3924999999999996,dry
2026-09-09,113.64460334066457,0.7325,3.3719642857142853,dry
2026-09-10,113.64272258736295,0.6693749999999999,3.3349999999999995,dry
2026-09-11,113.64084744066459,0.62,2.9941071428571426,dry
2026-09-12,113.63913605581526,2.005862068965517,2.70051724137931,dry
2026-09-13,113.6375550370029,2.52,2.6203571428571424,dry
2026-09-14,113.63608556208611,1.293793103448276,2.894827586206896,dry
2026-09-15,113.63477791812588,1.5399999999999998,2.6620370370370368,dry
2026-09-16,113.63361964611563,0.7575,2.7887500000000003,dry
2026-09-17,113.63266046147396,1.4524999999999997,2.5751785714285713,dry
2026-09-18,113.6316950248127,0.8896774193548387,2.7674193548387094,dry
2026-09-19,113.63074740061184,0.6637037037037037,2.645,dry
2026-09-20,113.62974829424523,0.9822580645161291,2.656129032258064,dry
2026-09-21,113.62875777678175,0.7917241379310344,2.787758620689655,dry
2026-09-22,113.62778714297019,1.3909677419354838,2.656129032258064,dry
2026-09-23,113.62696021965276,1.1946666666666668,2.361333333333333,dry
2026-09-24,113.62631507261847,1.4024999999999999,2.1973214285714286,dry
2026-09-25,113.62579363138524,1.0325,2.19578125,dry
2026-09-26,113.62533951575651,1.6748148148148145,2.1040740740740738,dry
2026-09-27,113.62485693983413,1.272068965517241,2.315862068965517,dry
2026-09-28,113.62451009555832,0.865,2.1316071428571424,dry
2026-09-29,113.62426099827117,1.1221875000000001,2.1670312499999995,dry
2026-09-30,113.62401712886852,0.636774193548387,2.181290322580645,dry
2026-10-01,113.62348161919104,1.542121212121212,1.989848484848485,dry
2026-10-02,113.62305641326074,2.3146666666666667,1.863,dry
2026-10-03,113.62276212480991,0.8125,1.8235714285714284,dry
2026-10-04,113.62263815944115,1.2553333333333332,1.7671666666666666,dry
2026-10-05,113.62259574559135,1.6307407407407408,1.903888888888889,dry
2026-10-06,113.6227013975945,1.251923076923077,1.7028846153846153,dry
2026-10-07,113.62283954431314,0.98875,1.8831249999999997,dry
2026-10-08,113.62298153318385,1.3683870967741933,1.5951612903225807,dry
2026-10-09,113.62310811727815,1.7686666666666664,1.6828333333333332,dry
2026-10-10,113.62317642580638,2.9174999999999995,1.720892857142857,dry
2026-10-11,113.62324947477364,1.3058620689655172,1.764655172413793,dry
2026-10-12,113.62337501716951,0.7699999999999999,1.804310344827586,dry
2026-10-13,113.62348573972207,0.26793103448275857,1.8637931034482755,dry
2026-10-14,113.62361896959011,1.337,1.7978333333333332,dry
2026-10-15,113.62378391494542,0.8241935483870968,1.4801612903225805,dry
2026-10-16,113.62398333674464,1.4949999999999999,1.375892857142857,dry
2026-10-17,113.62425330935824,1.115,1.4333928571428571,dry
2026-10-18,113.62454031914197,1.6437931034482756,1.4513793103448276,dry
2026-10-19,113.62488095461552,1.7862068965517242,1.4117241379310344,dry
2026-10-20,113.62528317228632,2.7203448275862065,1.360172413793103,dry
2026-10-21,113.62578171020509,2.468064516129032,1.2538709677419353,dry
2026-10-22,113.6262547553912,1.313103448275862,1.2491379310344828,dry
2026-10-23,113.62671062982741,0.8125,1.2567857142857144,dry
2026-10-24,113.62716637785262,1.6235483870967742,1.3020967741935483,dry
2026-10-25,113.62770149945011,1.0886206896551724,1.1579310344827585,dry
2026-10-26,113.62831477177248,1.2674999999999998,1.2157142857142857,dry
2026-10-27,113.62898248032447,1.4984374999999999,1.2578125,dry
2026-10-28,113.62973528102953,1.7453333333333332,1.0196666666666667,dry
2026-10-29,113.63049166637713,1.8248275862068963,1.1024137931034481,dry
2026-10-30,113.63123091467102,0.9307407407407405,1.0307407407407405,dry
2026-10-31,113.63201879632066,1.3448484848484847,1.0698484848484848,dry
2026-11-01,113.63249472161758,2.5815151515151515,1.1186363636363637,dry
2026-11-02,113.63306793820725,1.6057575757575757,0.8224242424242424,dry
2026-11-03,113.63374399539492,2.4113793103448278,0.9437931034482757,dry
2026-11-04,113.63437370596618,1.3864516129032258,1.0164516129032257,dry
2026-11-05,113.63501792070653,0.8306666666666667,0.9966666666666666,dry
2026-11-06,113.6357161865215,2.6479310344827582,0.7772413793103448,dry
2026-11-07,113.63648278904097,0.8166666666666667,0.8356666666666667,dry
2026-11-08,113.63734109475641,1.393,0.6784999999999999,dry
2026-11-09,113.63817387204902,1.8083333333333333,0.8011666666666666,dry
2026-11-10,113.63904891455125,1.0919999999999999,0.7014999999999999,dry
2026-11-11,113.6399346427853,2.0164516129032255,0.7196774193548388,dry
2026-11-12,113.64080938697832,0.8674999999999998,0.7269642857142856,dry
2026-11-13,113.64164653354352,1.076551724137931,0.7812068965517242,dry
2026-11-14,113.64248899276699,0.6575,0.7310714285714286,dry
2026-11-15,113.64332793816267,1.0196666666666667,0.69,dry
2026-11-16,113.64419577928798,1.3066666666666666,0.5711666666666667,dry
2026-11-17,113.6450361969908,0.7046666666666668,0.6478333333333332,dry
2026-11-18,113.64590233760099,1.3570967741935482,0.623225806451613,dry
2026-11-19,113.64677931352827,0.8351724137931034,0.6781034482758621,dry
2026-11-20,113.64764878741121,2.4906451612903227,0.6046774193548388,dry
2026-11-21,113.64854220315199,1.0785185185185184,0.5537037037037036,dry
2026-11-22,113.649377533505,1.001,0.7168333333333332,dry
2026-11-23,113.65016681512624,2.0725,0.60375,dry
2026-11-24,113.65094548206375,1.2133333333333334,0.5788333333333332,dry
2026-11-25,113.65167568646311,1.17,0.6489285714285714,dry
2026-11-26,113.65240215069036,1.1744444444444442,0.557962962962963,dry
2026-11-27,113.65316437849944,1.3349999999999997,0.542142857142857,dry
2026-11-28,113.65391982868132,1.2833333333333332,0.5366666666666666,dry
2026-11-29,113.65468888923846,1.029,0.5635,dry
2026-11-30,113.65543243006776,1.3496875,0.5606249999999999,dry
2026-12-01,113.65584480310348,1.2490625,0.5354687499999999,dry
2026-12-02,113.65628711277903,0.9944827586206897,0.511551724137931,dry
2026-12-03,113.65675480458165,2.303225806451613,0.5861290322580645,dry
2026-12-04,113.65718768175161,1.75,0.5045161290322581,dry
2026-12-05,113.65759955571146,1.2288888888888887,0.5068518518518519,dry
2026-12-06,113.65803811706351,0.9169999999999998,0.5405,dry
2026-12-07,113.65846724037654,2.06,0.5339285714285714,dry
2026-12-08,113.65886053969835,1.9599999999999997,0.575,dry
2026-12-09,113.65920459072552,1.5931034482758621,0.602758620689655,dry
2026-12-10,113.65956092763169,0.9196551724137931,0.5194827586206896,dry
2026-12-11,113.65990948699358,1.2441935483870967,0.46370967741935476,dry
2026-12-12,113.6602396005038,1.6274999999999997,0.45178571428571423,dry
2026-12-13,113.66053314916917,1.1417241379310343,0.5551724137931034,dry
2026-12-14,113.66080204904618,0.5924999999999999,0.5585714285714285,dry
2026-12-15,113.6610735125492,2.2874999999999996,0.5421428571428571,dry
2026-12-16,113.66135405105022,1.339032258064516,0.5453225806451613,dry
2026-12-17,113.66160393128158,0.7579310344827587,0.4917241379310345,dry
2026-12-18,113.66183000543043,1.5819999999999999,0.44083333333333335,dry
2026-12-19,113.66204411259571,1.775925925925926,0.4301851851851851,dry
2026-12-20,113.66227411437433,2.0541379310344823,0.4599999999999999,dry
2026-12-21,113.66248621758899,1.7523333333333329,0.48683333333333323,dry
2026-12-22,113.6626615976441,1.5983333333333332,0.5788333333333332,dry
2026-12-23,113.66283515253309,1.4676666666666667,0.5175,dry
2026-12-24,113.66297839420336,1.3346666666666667,0.552,dry
2026-12-25,113.66307879644471,1.1409999999999998,0.5021666666666667,dry
2026-12-26,113.66311987411075,1.3416666666666666,0.5826666666666667,dry
2026-12-27,113.66313742322558,1.2226666666666666,0.5903333333333333,dry
2026-12-28,113.66316369765708,1.7258620689655173,0.5353448275862068,dry
2026-12-29,113.66319531186392,1.3179310344827586,0.4758620689655172,dry
2026-12-30,113.6632207417948,1.7113793103448278,0.5075862068965518,dry
2026-12-31,113.66325075393883,0.8251515151515151,0.5401515151515152,dry
2027-01-01,113.66417395018313,2.489375,0.531875,dry
2027-01-02,113.66505809337222,1.2642424242424242,0.5401515151515152,dry
2027-01-03,113.66579952089222,1.7476666666666665,0.5596666666666665,dry
2027-01-04,113.66652227867623,1.2916129032258064,0.4748387096774193,dry
2027-01-05,113.6672309464844,1.0499999999999998,0.46793103448275863,dry
2027-01-06,113.66792863585789,1.1223333333333332,0.4446666666666666,dry
2027-01-07,113.66859861243374,0.9149999999999999,0.5051785714285715,dry
2027-01-08,113.66934373671806,1.8832258064516127,0.4674193548387096,dry
2027-01-09,113.67014628042925,0.9613333333333334,0.5213333333333333,dry
2027-01-10,113.67102248944981,0.9986666666666665,0.45233333333333337,dry
2027-01-11,113.6719081136196,1.1096296296296295,0.5281481481481481,dry
2027-01-12,113.6728040281468,1.1441379310344826,0.45206896551724135,dry
2027-01-13,113.67367920689652,0.9305882352941177,0.554705882352941,dry
2027-01-14,113.67452506599136,0.7048275862068966,0.6979310344827587,dry
2027-01-15,113.67533351567796,1.4675862068965515,0.6265517241379309,dry
2027-01-16,113.67615067968744,1.165,0.5914285714285714,dry
2027-01-17,113.67698653052088,1.617,0.5366666666666666,dry
2027-01-18,113.67787824315124,1.0451724137931035,0.45206896551724135,dry
2027-01-19,113.6787832443748,0.6874999999999999,0.5257142857142857,dry
2027-01-20,113.6796988282206,0.853548387096774,0.575,dry
2027-01-21,113.68063552294268,1.8358064516129031,0.6862903225806452,dry
2027-01-22,113.68159914863037,2.459655172413793,0.575,dry
2027-01-23,113.6825733997429,1.2413333333333334,0.6363333333333333,dry
2027-01-24,113.68355242408536,0.9149999999999999,0.6119642857142856,dry
2027-01-25,113.68453638993836,0.9486206896551724,0.5313793103448275,dry
2027-01-26,113.68554151803448,1.5423333333333331,0.4983333333333333,dry
2027-01-27,113.68656544095575,1.0565624999999998,0.6396875,dry
2027-01-28,113.68766498501255,0.8866666666666666,0.6861666666666667,dry
2027-01-29,113.68884026935763,1.4525000000000001,0.5339285714285714,dry
2027-01-30,113.690070232018,1.0173333333333332,0.5635,dry
2027-01-31,113.69127671867462,1.276470588235294,0.6426470588235293,dry
2027-02-01,113.69211363696242,1.5465625,0.67203125,dry
2027-02-02,113.69293274294202,0.9670370370370368,0.6644444444444443,dry
2027-02-03,113.69379281900002,1.1396875,0.7690624999999999,dry
2027-02-04,113.69469793241407,1.0663333333333334,0.6746666666666666,dry
2027-02-05,113.69556308455452,1.1441379310344826,0.7812068965517242,dry
2027-02-06,113.69641134054675,1.3074193548387096,0.8012903225806451,dry
2027-02-07,113.6972682491635,1.1344827586206896,0.8367241379310344,dry
2027-02-08,113.69811444809027,1.1996551724137932,0.7613793103448275,dry
2027-02-09,113.69894099041998,1.729259259259259,0.7155555555555555,dry
2027-02-10,113.6997863104296,1.5771874999999997,0.7654687499999999,dry
2027-02-11,113.70061835461505,0.9428124999999999,0.8553124999999999,dry
2027-02-12,113.70142076364216,1.1696774193548385,0.8458064516129031,dry
2027-02-13,113.70221532755892,2.4409677419354834,0.8012903225806451,dry
2027-02-14,113.70298726183243,1.5086206896551724,0.9358620689655173,dry
2027-02-15,113.70373609838171,0.8955172413793103,0.8843103448275861,dry
2027-02-16,113.70444175849275,0.6209677419354839,0.9904838709677418,dry
2027-02-17,113.7050893024192,0.6275862068965516,1.1539655172413794,dry
2027-02-18,113.70571800304599,1.1293333333333333,1.0081666666666667,dry
2027-02-19,113.70639548865904,0.8810344827586206,0.7931034482758621,dry
2027-02-20,113.70706829202281,0.7885294117647058,0.9402941176470587,dry
2027-02-21,113.70773165058897,0.6673333333333333,1.0695,dry
2027-02-22,113.70837280282798,1.0341935483870968,0.9904838709677418,dry
2027-02-23,113.70900832882981,0.6396551724137931,0.9596551724137931,dry
2027-02-24,113.70965348622721,1.6935483870967742,1.120322580645161,dry
2027-02-25,113.71030720827612,1.4907407407407407,1.0903703703703704,dry
2027-02-26,113.71083264484471,1.0871875,1.29734375,dry
2027-02-27,113.71127036561364,0.9906060606060605,1.1639393939393936,dry
2027-02-28,113.71171345044412,0.8293939393939394,1.1743939393939393,dry
2026-03-01,114.33332818927168,2.103125,0.94375,medium
2026-03-02,114.3303466781235,2.1517241379310343,1.110344827586207,medium
2026-03-03,114.32872029423031,2.21875,1.003125,medium
2026-03-04,114.32478943918083,2.15,0.9107142857142857,medium
2026-03-05,114.32010261075379,1.996551724137931,1.096551724137931,medium
2026-03-06,114.31800386958585,2.00625,1.21875,medium
2026-03-07,114.31552569212921,1.7310344827586208,1.193103448275862,medium
2026-03-08,114.31231847177244,1.3066666666666669,1.1933333333333331,medium
2026-03-09,114.31057451943181,1.1259259259259258,1.2851851851851852,medium
2026-03-10,114.30903727829033,2.3833333333333333,1.2566666666666668,medium
2026-03-11,114.30580912807183,1.2620689655172415,1.2379310344827585,medium
2026-03-12,114.30148417539588,1.289655172413793,1.2551724137931033,medium
2026-03-13,114.2967456742488,0.9285714285714286,1.2214285714285715,medium
2026-03-14,114.29224224762044,1.1928571428571428,1.4285714285714286,medium
2026-03-15,114.28914524383532,0.38,1.4400000000000002,medium
2026-03-16,114.28706778905433,0.8730769230769231,1.5615384615384615,medium
2026-03-17,114.28450925773052,0.8103448275862069,1.4689655172413794,medium
2026-03-18,114.28195689269201,1.6633333333333333,1.4933333333333332,medium
2026-03-19,114.28022123099808,1.1,1.4666666666666666,medium
2026-03-20,114.2757239247421,0.9199999999999999,1.6233333333333335,medium
2026-03-21,114.27094977961322,1.3666666666666667,1.5296296296296295,medium
2026-03-22,114.26984951102146,1.1740740740740743,1.7111111111111112,medium
2026-03-23,114.2691174154488,1.34,1.5759999999999998,medium
2026-03-24,114.26714271270109,1.88125,1.65,medium
2026-03-25,114.26466854798015,1.225925925925926,1.6740740740740743,medium
2026-03-26,114.26194872017051,1.5482758620689654,1.7241379310344827,medium
2026-03-27,114.25899453262456,1.9607142857142856,1.6642857142857144,medium
2026-03-28,114.25612059863946,1.8821428571428573,1.675,medium
2026-03-29,114.25307247889641,1.9124999999999999,1.75,medium
2026-03-30,114.25041345541447,2.117857142857143,1.7571428571428573,medium
2026-03-31,114.24794452535598,1.3062500000000001,2.03125,medium
2026-04-01,114.24508351329078,1.2125,2.0125,medium
2026-04-02,114.24212461975794,1.723529411764706,2.0264705882352945,medium
2026-04-03,114.23930730246659,1.86875,1.86875,medium
2026-04-04,114.23658493378083,2.025925925925926,1.9222222222222223,medium
2026-04-05,114.23379059152671,0.7,1.9481481481481482,medium
2026-04-06,114.23089106637046,1.2172413793103447,2.182758620689655,medium
2026-04-07,114.22801940711825,1.221875,2.209375,medium
2026-04-08,114.22513416245528,2.4285714285714284,2.1107142857142858,medium
2026-04-09,114.22218468408218,1.0533333333333335,2.24,medium
2026-04-10,114.21924269970019,1.2466666666666666,2.0833333333333335,medium
2026-04-11,114.21633284984748,0.9517241379310344,2.2344827586206897,medium
2026-04-12,114.21346856876207,1.6615384615384616,2.2115384615384617,medium
2026-04-13,114.21071180558616,1.0592592592592593,2.0407407407407407,medium
2026-04-14,114.20809288206361,2.6357142857142857,1.9535714285714287,medium
2026-04-15,114.20547271813126,0.9766666666666667,2.203333333333333,medium
2026-04-16,114.20279206384721,0.8555555555555556,2.5074074074074075,medium
2026-04-17,114.19995295471408,0.5192307692307693,2.6769230769230767,medium
2026-04-18,114.19702098789442,0.9482758620689655,2.5344827586206895,medium
2026-04-19,114.1940999446267,1.3035714285714286,2.6214285714285714,medium
2026-04-20,114.19110740553081,0.8653846153846154,2.8923076923076922,medium
2026-04-21,114.18796196293692,1.172,2.668,medium
2026-04-22,114.18472544073303,0.9740740740740741,2.5296296296296297,medium
2026-04-23,114.1815488379548,1.5612903225806452,2.570967741935484,medium
2026-04-24,114.17849324018194,2.15,2.4,medium
2026-04-25,114.17554350424336,1.0413793103448277,2.3344827586206898,medium
2026-04-26,114.17279521739403,2.030769230769231,2.065384615384615,medium
2026-04-27,114.17010833068078,1.45,2.6958333333333333,medium
2026-04-28,114.16748199529727,1.8407407407407408,2.262962962962963,medium
2026-04-29,114.16493380911851,2.307142857142857,2.25,medium
2026-04-30,114.16246245583237,3.355882352941176,2.361764705882353,medium
2026-05-01,114.15977836803,2.4545454545454546,2.303030303030303,medium
2026-05-02,114.15709689375653,1.6482758620689657,2.506896551724138,medium
2026-05-03,114.15447504338503,1.213793103448276,2.3379310344827586,medium
2026-05-04,114.15200917263279,1.393103448275862,2.610344827586207,medium
2026-05-05,114.14958509794073,1.3964285714285716,2.5035714285714286,medium
2026-05-06,114.14720286710575,3.1392857142857147,2.382142857142857,medium
2026-05-07,114.14480947947479,1.5535714285714286,2.7357142857142853,medium
2026-05-08,114.1423508132139,1.6966666666666665,2.69,medium
2026-05-09,114.139898355336,1.24,2.5900000000000003,medium
2026-05-10,114.13739214695336,2.7107142857142854,2.5500000000000003,medium
2026-05-11,114.13492212316905,1.8689655172413795,2.762068965517241,medium
2026-05-12,114.13244429616249,1.1851851851851851,2.625925925925926,medium
2026-05-13,114.1298809761965,2.2624999999999997,2.878125,medium
2026-05-14,114.12735905796193,1.493103448275862,2.689655172413793,medium
2026-05-15,114.12483863234532,1.9733333333333334,2.753333333333333,medium
2026-05-16,114.12227209069357,1.3928571428571428,2.7857142857142856,medium
2026-05-17,114.11957042332823,1.5344827586206897,3.0379310344827584,medium
2026-05-18,114.11684889591766,2.3000000000000003,3.003448275862069,medium
2026-05-19,114.11399891397649,2.6133333333333337,3.19,medium
2026-05-20,114.11109506725238,3.206451612903226,2.893548387096774,medium
2026-05-21,114.1081128007298,3.159259259259259,3.2,medium
2026-05-22,114.10510368269031,1.6233333333333333,3.1,medium
2026-05-23,114.10205397958372,1.2033333333333334,3.106666666666667,medium
2026-05-24,114.09905216924837,1.3259259259259257,2.925925925925926,medium
2026-05-25,114.09606024506661,2.4966666666666666,3.236666666666667,medium
2026-05-26,114.09312958649238,1.2689655172413792,3.213793103448276,medium
2026-05-27,114.09015967270226,1.6,3.125925925925926,medium
2026-05-28,114.08728395658696,3.1074074074074076,3.022222222222222,medium
2026-05-29,114.08434788193452,1.6275862068965516,3.4172413793103447,medium
2026-05-30,114.08135377479303,1.5393939393939393,3.3303030303030305,medium
2026-05-31,114.07832572481047,2.740625,3.3375,medium
2026-06-01,114.07496290541089,2.0625,3.478125,medium
2026-06-02,114.07158292865803,1.3166666666666667,3.5533333333333337,medium
2026-06-03,114.06822969351346,3.417857142857143,3.1785714285714284,medium
2026-06-04,114.06492885392713,4.25,3.1666666666666665,medium
2026-06-05,114.06180885006097,3.182758620689655,3.0448275862068965,medium
2026-06-06,114.05883529334695,1.7806451612903227,2.9193548387096775,medium
2026-06-07,114.05582641598974,2.0266666666666664,3.493333333333333,medium
2026-06-08,114.05270424965121,2.9925925925925925,3.9,medium
2026-06-09,114.04963259386186,1.8344827586206898,3.4896551724137934,medium
2026-06-10,114.04647982513661,1.8142857142857143,3.607142857142857,medium
2026-06-11,114.04330341508212,2.992,3.3080000000000003,medium
2026-06-12,114.040117059939,1.01,3.3699999999999997,medium
2026-06-13,114.03685358483759,2.2451612903225806,3.5,medium
2026-06-14,114.03364230408177,1.5250000000000001,3.4714285714285715,medium
2026-06-15,114.03062030974806,0.8851851851851852,3.5074074074074075,medium
2026-06-16,114.02755575432863,1.3888888888888888,3.859259259259259,medium
2026-06-17,114.02445058356118,1.8214285714285714,3.5964285714285715,medium
2026-06-18,114.0211803031464,2.375,3.795833333333333,medium
2026-06-19,114.0178037445077,3.825,3.692857142857143,medium
2026-06-20,114.01440786525367,0.9692307692307692,3.476923076923077,medium
2026-06-21,114.01093339305572,1.6576923076923078,3.930769230769231,medium
2026-06-22,114.0075107671373,2.713793103448276,3.6448275862068966,medium
2026-06-23,114.00410345364702,0.6107142857142858,4.057142857142857,medium
2026-06-24,114.00051709016357,0.8551724137931035,4.406896551724138,medium
2026-06-25,113.99691132634858,2.3344827586206898,3.8275862068965516,medium
2026-06-26,113.99325699053423,1.1551724137931034,4.13448275862069,medium
2026-06-27,113.98947616085081,0.7321428571428571,4.0321428571428575,medium
2026-06-28,113.98566045295986,1.4827586206896552,4.041379310344828,medium
2026-06-29,113.9817176846584,1.2096774193548387,4.293548387096774,medium
2026-06-30,113.97787606785406,1.4787878787878788,3.878787878787879,medium
2026-07-01,113.97388361073195,1.215151515151515,3.8000000000000003,medium
2026-07-02,113.96981518656648,1.7424242424242424,4.160606060606061,medium
2026-07-03,113.96583171722297,2.3733333333333335,3.93,medium
2026-07-04,113.96192689086733,2.037037037037037,3.840740740740741,medium
2026-07-05,113.95820525191347,1.87,3.6266666666666665,medium
2026-07-06,113.95463000703515,2.756666666666667,3.77,medium
2026-07-07,113.95100969583531,1.6285714285714286,4.139285714285714,medium
2026-07-08,113.9473442013621,2.515151515151515,4.03939393939394,medium
2026-07-09,113.94365120017063,1.0419354838709676,4.170967741935484,medium
2026-07-10,113.93996208541235,1.6433333333333333,4.09,medium
2026-07-11,113.93622620624474,0.5148148148148147,4.285185185185186,medium
2026-07-12,113.93251124877227,2.4866666666666664,3.8366666666666664,medium
2026-07-13,113.92890874811128,3.3461538461538463,3.8576923076923078,medium
2026-07-14,113.92536995246122,1.9250000000000003,4.05,medium
2026-07-15,113.92171151896895,0.89,4.536666666666666,medium
2026-07-16,113.91803986138827,1.3735294117647059,4.232352941176471,medium
2026-07-17,113.91429156628949,0.7666666666666667,4.443333333333333,medium
2026-07-18,113.91036250910136,1.1166666666666667,4.816666666666666,medium
2026-07-19,113.90622160190311,2.5214285714285714,4.621428571428572,medium
2026-07-20,113.90205992759749,2.472413793103448,4.179310344827586,medium
2026-07-21,113.8979306832538,0.8290322580645161,4.199999999999999,medium
2026-07-22,113.89392600931383,0.496551724137931,4.172413793103448,medium
2026-07-23,113.88992381541267,2.12,4.319999999999999,medium
2026-07-24,113.88594082462203,3.2178571428571425,4.185714285714286,medium
2026-07-25,113.88220091720527,1.235483870967742,4.109677419354839,medium
2026-07-26,113.87867559986056,2.383870967741936,3.583870967741935,medium
2026-07-27,113.87527612961186,2.8607142857142853,3.3857142857142857,medium
2026-07-28,113.87198856276117,1.2806451612903227,3.532258064516129,medium
2026-07-29,113.86881879092333,0.789655172413793,3.731034482758621,medium
2026-07-30,113.86576428650834,1.5166666666666666,3.9366666666666665,medium
2026-07-31,113.86283694184172,0.92,3.993333333333333,medium
2026-08-01,113.85969411041665,1.309375,4.009375,medium
2026-08-02,113.85651071361934,1.389655172413793,4.068965517241379,medium
2026-08-03,113.85328494747469,0.39655172413793105,3.9068965517241376,medium
2026-08-04,113.85011379851471,2.1724137931034484,3.779310344827586,medium
2026-08-05,113.84696702805509,1.48,4.003333333333333,medium
2026-08-06,113.8438923415932,1.7451612903225806,3.883870967741936,medium
2026-08-07,113.84081426587932,2.810714285714286,4.15,medium
2026-08-08,113.83777414594108,1.9178571428571427,3.960714285714286,medium
2026-08-09,113.83481884953422,1.6964285714285714,3.5714285714285716,medium
2026-08-10,113.83177161227793,1.3,3.7680000000000002,medium
2026-08-11,113.82869485643643,1.1066666666666667,3.8400000000000003,medium
2026-08-12,113.8255861351991,0.9535714285714285,4.196428571428571,medium
2026-08-13,113.82254305834952,1.4484848484848485,3.715151515151515,medium
2026-08-14,113.81969774284813,2.0407407407407407,3.4222222222222225,medium
2026-08-15,113.8170103341642,2.082142857142857,3.4250000000000003,medium
2026-08-16,113.81425719967721,0.48214285714285715,3.742857142857143,medium
2026-08-17,113.811549564575,1.7766666666666668,3.3666666666666667,medium
2026-08-18,113.80897576297353,2.0733333333333333,3.1233333333333335,medium
2026-08-19,113.80666266043302,1.5076923076923079,3.246153846153846,medium
2026-08-20,113.80451586600788,2.0870967741935487,3.041935483870968,medium
2026-08-21,113.80237422221067,0.9241379310344828,3.403448275862069,medium
2026-08-22,113.80024333626805,1.4320000000000002,3.372,medium
2026-08-23,113.79816088649085,1.9129032258064518,3.3806451612903223,medium
2026-08-24,113.7960895011761,1.2586206896551724,3.3448275862068964,medium
2026-08-25,113.79411459964844,2.72962962962963,3.0925925925925926,medium
2026-08-26,113.7922769729858,1.910344827586207,3.3482758620689657,medium
2026-08-27,113.79049266813016,1.5500000000000003,3.1566666666666667,medium
2026-08-28,113.7887103382846,0.8838709677419354,3.3129032258064517,medium
2026-08-29,113.78696315693638,1.785185185185185,3.125925925925926,medium
2026-08-30,113.78539137896863,0.5,2.8800000000000003,medium
2026-08-31,113.78385384358377,1.581818181818182,3.0787878787878786,medium
2026-09-01,113.78197061912128,0.8848484848484848,2.9363636363636365,medium
2026-09-02,113.7801795227166,1.3299999999999998,2.9633333333333334,medium
2026-09-03,113.77846091029576,2.110344827586207,2.927586206896552,medium
2026-09-04,113.77690426381552,1.4533333333333334,2.6866666666666665,medium
2026-09-05,113.77542820915615,1.2642857142857142,2.8428571428571425,medium
2026-09-06,113.77397946282794,1.7193548387096773,2.6225806451612903,medium
2026-09-07,113.77259633348373,1.757142857142857,2.8464285714285715,medium
2026-09-08,113.77116149986905,2.1357142857142857,2.9499999999999997,medium
2026-09-09,113.76971901288674,1.0464285714285715,2.932142857142857,medium
2026-09-10,113.76827130370462,0.95625,2.9,medium
2026-09-11,113.76683190170604,0.8857142857142858,2.6035714285714286,medium
2026-09-12,113.76553313656686,2.86551724137931,2.348275862068965,medium
2026-09-13,113.76435678431753,3.6,2.2785714285714285,medium
2026-09-14,113.76327817310163,1.8482758620689657,2.5172413793103448,medium
2026-09-15,113.76234618867522,2.1999999999999997,2.314814814814815,medium
2026-09-16,113.7615404111424,1.082142857142857,2.4250000000000003,medium
2026-09-17,113.7608995759374,2.0749999999999997,2.2392857142857143,medium
2026-09-18,113.76024961729598,1.270967741935484,2.4064516129032256,medium
2026-09-19,113.75962328515446,0.9481481481481482,2.3000000000000003,medium
2026-09-20,113.75896204374965,1.403225806451613,2.3096774193548386,medium
2026-09-21,113.75830694264813,1.1310344827586205,2.424137931034483,medium
2026-09-22,113.75766873074707,1.9870967741935484,2.3096774193548386,medium
2026-09-23,113.75715680491163,1.7066666666666668,2.0533333333333332,medium
2026-09-24,113.75680951153359,2.0035714285714286,1.9107142857142858,medium
2026-09-25,113.75657107544379,1.475,1.909375,medium
2026-09-26,113.75637875706309,2.3925925925925924,1.8296296296296295,medium
2026-09-27,113.75614771247162,1.8172413793103446,2.013793103448276,medium
2026-09-28,113.75603213113575,1.2357142857142858,1.8535714285714284,medium
2026-09-29,113.75600145894828,1.6031250000000001,1.884375,medium
2026-09-30,113.75597956694504,0.9096774193548387,1.896774193548387,medium
2026-10-01,113.75566500686008,2.203030303030303,1.7303030303030305,medium
2026-10-02,113.75545275485601,3.3066666666666666,1.62,medium
2026-10-03,113.75536902809378,1.1607142857142858,1.5857142857142856,medium
2026-10-04,113.75543635914664,1.7933333333333332,1.5366666666666666,medium
2026-10-05,113.75557548157707,2.32962962962963,1.6555555555555557,medium
2026-10-06,113.75584131235486,1.7884615384615385,1.4807692307692308,medium
2026-10-07,113.75613155419957,1.4125,1.6375,medium
2026-10-08,113.75642428892834,1.9548387096774191,1.3870967741935485,medium
2026-10-09,113.75671346616824,2.5266666666666664,1.4633333333333334,medium
2026-10-10,113.75694735062382,4.167857142857143,1.4964285714285714,medium
2026-10-11,113.75718420168948,1.8655172413793104,1.5344827586206897,medium
2026-10-12,113.75747332484801,1.0999999999999999,1.5689655172413792,medium
2026-10-13,113.75774929514789,0.38275862068965516,1.6206896551724137,medium
2026-10-14,113.75804737617214,1.9100000000000001,1.5633333333333332,medium
2026-10-15,113.75837010966848,1.1774193548387097,1.2870967741935484,medium
2026-10-16,113.7587171499901,2.1357142857142857,1.1964285714285714,medium
2026-10-17,113.75914240917591,1.592857142857143,1.2464285714285714,medium
2026-10-18,113.75958407524146,2.348275862068965,1.2620689655172415,medium
2026-10-19,113.7600642316255,2.5517241379310347,1.2275862068965517,medium
2026-10-20,113.7605925977629,3.886206896551724,1.182758620689655,medium
2026-10-21,113.76121089552025,3.5258064516129033,1.0903225806451613,medium
2026-10-22,113.7618034902411,1.8758620689655172,1.0862068965517242,medium
2026-10-23,113.76237607120325,1.1607142857142858,1.092857142857143,medium
2026-10-24,113.76293364133778,2.3193548387096774,1.132258064516129,medium
2026-10-25,113.76356396535898,1.5551724137931036,1.006896551724138,medium
2026-10-26,113.76427339477546,1.8107142857142857,1.0571428571428572,medium
2026-10-27,113.76505117727018,2.140625,1.09375,medium
2026-10-28,113.76591168156337,2.493333333333333,0.8866666666666667,medium
2026-10-29,113.76677865560418,2.606896551724138,0.9586206896551724,medium
2026-10-30,113.76762303642987,1.3296296296296295,0.8962962962962963,medium
2026-10-31,113.7685130229082,1.9212121212121211,0.9303030303030303,medium
2026-11-01,113.76908818386833,3.687878787878788,0.9727272727272728,medium
2026-11-02,113.76974385194573,2.293939393939394,0.7151515151515152,medium
2026-11-03,113.77048665554565,3.444827586206897,0.8206896551724138,medium
2026-11-04,113.7711860189612,1.9806451612903229,0.8838709677419354,medium
2026-11-05,113.77190554800046,1.1866666666666668,0.8666666666666667,medium
2026-11-06,113.77268028564895,3.782758620689655,0.6758620689655173,medium
2026-11-07,113.77351429104328,1.1666666666666667,0.7266666666666667,medium
2026-11-08,113.77443901627026,1.99,0.59,medium
2026-11-09,113.77534488448244,2.5833333333333335,0.6966666666666667,medium
2026-11-10,113.77629126516284,1.5599999999999998,0.61,medium
2026-11-11,113.77724224474628,2.8806451612903223,0.6258064516129033,medium
2026-11-12,113.7781725697143,1.239285714285714,0.6321428571428571,medium
2026-11-13,113.77908344549907,1.5379310344827586,0.6793103448275862,medium
2026-11-14,113.77999452068065,0.9392857142857143,0.6357142857142858,medium
2026-11-15,113.7808906574865,1.4566666666666668,0.6,medium
2026-11-16,113.78181451827562,1.8666666666666667,0.4966666666666667,medium
2026-11-17,113.78270455963171,1.0066666666666668,0.5633333333333332,medium
2026-11-18,113.78362318124768,1.9387096774193548,0.5419354838709678,medium
2026-11-19,113.78455394317032,1.193103448275862,0.5896551724137932,medium
2026-11-20,113.78546709193182,3.5580645161290323,0.5258064516129033,medium
2026-11-21,113.78640160596808,1.5407407407407407,0.48148148148148145,medium
2026-11-22,113.78728386980406,1.43,0.6233333333333333,medium
2026-11-23,113.7881240789864,2.9607142857142854,0.525,medium
2026-11-24,113.78895299055198,1.7333333333333334,0.5033333333333333,medium
2026-11-25,113.78973414721996,1.6714285714285715,0.5642857142857143,medium
2026-11-26,113.79051315606675,1.6777777777777776,0.4851851851851852,medium
2026-11-27,113.79133412146139,1.907142857142857,0.4714285714285714,medium
2026-11-28,113.79215249328684,1.8333333333333333,0.4666666666666667,medium
2026-11-29,113.79298045870634,1.47,0.49,medium
2026-11-30,113.79379036984983,1.928125,0.4875,medium
2026-12-01,113.79427634874305,1.784375,0.465625,medium
2026-12-02,113.79478618004195,1.420689655172414,0.44482758620689655,medium
2026-12-03,113.7953281631231,3.2903225806451615,0.5096774193548387,medium
2026-12-04,113.79583202357718,2.5,0.43870967741935485,medium
2026-12-05,113.79632028573549,1.7555555555555555,0.44074074074074077,medium
2026-12-06,113.79683463322388,1.3099999999999998,0.47,medium
2026-12-07,113.79733673162936,2.942857142857143,0.4642857142857143,medium
2026-12-08,113.79780759090431,2.8,0.5,medium
2026-12-09,113.79823409449617,2.2758620689655173,0.5241379310344827,medium
2026-12-10,113.79867846613894,1.313793103448276,0.4517241379310345,medium
2026-12-11,113.79911780548164,1.7774193548387098,0.4032258064516129,medium
2026-12-12,113.79953932967614,2.3249999999999997,0.39285714285714285,medium
2026-12-13,113.79992693461482,1.6310344827586205,0.4827586206896552,medium
2026-12-14,113.80029566738628,0.8464285714285714,0.4857142857142857,medium
2026-12-15,113.80067332630843,3.267857142857143,0.4714285714285715,medium
2026-12-16,113.80106286791393,1.9129032258064516,0.47419354838709676,medium
2026-12-17,113.80141151240105,1.0827586206896553,0.42758620689655175,medium
2026-12-18,113.8017348293666,2.26,0.38333333333333336,medium
2026-12-19,113.8020529966569,2.537037037037037,0.37407407407407406,medium
2026-12-20,113.80238954800011,2.9344827586206894,0.39999999999999997,medium
2026-12-21,113.80269853580694,2.503333333333333,0.4233333333333333,medium
2026-12-22,113.80297767524218,2.283333333333333,0.5033333333333333,medium
2026-12-23,113.8032560036059,2.0966666666666667,0.45,medium
2026-12-24,113.80350760090656,1.9066666666666667,0.48000000000000004,medium
2026-12-25,113.80372426152692,1.63,0.43666666666666665,medium
2026-12-26,113.80389035560067,1.9166666666666667,0.5066666666666667,medium
2026-12-27,113.80404316688659,1.7466666666666666,0.5133333333333333,medium
2026-12-28,113.80421335495582,2.4655172413793105,0.46551724137931033,medium
2026-12-29,113.8043794332908,1.8827586206896552,0.41379310344827586,medium
2026-12-30,113.80453957999086,2.444827586206897,0.44137931034482764,medium
2026-12-31,113.8047096085983,1.1787878787878787,0.4696969696969697,medium
2027-01-01,113.80577490290298,3.55625,0.4625,medium
2027-01-02,113.80680016662798,1.8060606060606061,0.4696969696969697,medium
2027-01-03,113.8076796003529,2.4966666666666666,0.48666666666666664,medium
2027-01-04,113.80854101604176,1.8451612903225807,0.4129032258064516,medium
2027-01-05,113.80938749681273,1.5,0.40689655172413797,medium
2027-01-06,113.81022436527118,1.6033333333333333,0.38666666666666666,medium
2027-01-07,113.81103196357115,1.3071428571428572,0.43928571428571433,medium
2027-01-08,113.81192505181484,2.6903225806451614,0.4064516129032258,medium
2027-01-09,113.81287504552252,1.3733333333333335,0.4533333333333333,medium
2027-01-10,113.8138959033019,1.4266666666666665,0.39333333333333337,medium
2027-01-11,113.81492482115894,1.585185185185185,0.45925925925925926,medium
2027-01-12,113.81596442251117,1.6344827586206896,0.3931034482758621,medium
2027-01-13,113.81698470824814,1.3294117647058825,0.48235294117647054,medium
2027-01-14,113.81798401273801,1.006896551724138,0.606896551724138,medium
2027-01-15,113.81894798309543,2.096551724137931,0.5448275862068965,medium
2027-01-16,113.81992121229158,1.6642857142857144,0.5142857142857143,medium
2027-01-17,113.82091089714903,2.31,0.4666666666666667,medium
2027-01-18,113.82195287681522,1.4931034482758623,0.3931034482758621,medium
2027-01-19,113.82301222743804,0.9821428571428571,0.4571428571428572,medium
2027-01-20,113.82408433876184,1.2193548387096773,0.5,medium
2027-01-21,113.82518025979377,2.6225806451612903,0.5967741935483871,medium
2027-01-22,113.82630222420083,3.513793103448276,0.5,medium
2027-01-23,113.82744005939111,1.7733333333333334,0.5533333333333333,medium
2027-01-24,113.82859108694444,1.3071428571428572,0.5321428571428571,medium
2027-01-25,113.82974985563057,1.3551724137931036,0.4620689655172414,medium
2027-01-26,113.83092820095357,2.203333333333333,0.43333333333333335,medium
2027-01-27,113.83212706671574,1.509375,0.55625,medium
2027-01-28,113.83340576959954,1.2666666666666666,0.5966666666666668,medium
2027-01-29,113.83476264860201,2.075,0.4642857142857143,medium
2027-01-30,113.83617106511058,1.4533333333333331,0.49,medium
2027-01-31,113.83755371691092,1.8235294117647058,0.5588235294117647,medium
2027-02-01,113.8385752831043,2.209375,0.584375,medium
2027-02-02,113.83959243371471,1.3814814814814813,0.5777777777777777,medium
2027-02-03,113.84065573488647,1.628125,0.66875,medium
2027-02-04,113.84175361793865,1.5233333333333334,0.5866666666666667,medium
2027-02-05,113.84281160522411,1.6344827586206896,0.6793103448275862,medium
2027-02-06,113.84386028459917,1.867741935483871,0.6967741935483871,medium
2027-02-07,113.8449255762296,1.6206896551724137,0.7275862068965517,medium
2027-02-08,113.84598738739791,1.713793103448276,0.6620689655172414,medium
2027-02-09,113.84702897936121,2.4703703703703703,0.6222222222222222,medium
2027-02-10,113.84809046613684,2.253125,0.665625,medium
2027-02-11,113.8491442351878,1.346875,0.74375,medium
2027-02-12,113.85017029911799,1.6709677419354838,0.7354838709677419,medium
2027-02-13,113.85119516427568,3.487096774193548,0.6967741935483871,medium
2027-02-14,113.85220231490968,2.1551724137931036,0.8137931034482759,medium
2027-02-15,113.85318830748706,1.2793103448275862,0.7689655172413793,medium
2027-02-16,113.85414462926802,0.8870967741935484,0.8612903225806451,medium
2027-02-17,113.85505564243975,0.896551724137931,1.003448275862069,medium
2027-02-18,113.85595126295935,1.6133333333333333,0.8766666666666667,medium
2027-02-19,113.856890843274,1.2586206896551724,0.6896551724137931,medium
2027-02-20,113.85783649075249,1.1264705882352941,0.8176470588235294,medium
2027-02-21,113.85877835948685,0.9533333333333334,0.9299999999999999,medium
2027-02-22,113.85969898218862,1.4774193548387098,0.8612903225806451,medium
2027-02-23,113.86060594586941,0.9137931034482759,0.8344827586206897,medium
2027-02-24,113.86151686171782,2.4193548387096775,0.9741935483870967,medium
2027-02-25,113.86244118518016,2.1296296296296298,0.9481481481481482,medium
2027-02-26,113.86325469569947,1.553125,1.128125,medium
2027-02-27,113.86397892801757,1.415151515151515,1.012121212121212,medium
2027-02-28,113.86470313154267,1.1848484848484848,1.0212121212121212,medium
2026-03-01,114.33334326912605,2.7340625,0.8965624999999999,wet
2026-03-02,114.33039406471865,2.7972413793103446,1.0548275862068965,wet
2026-03-03,114.32881370094404,2.884375,0.95296875,wet
2026-03-04,114.32494050562309,2.795,0.8651785714285714,wet
2026-03-05,114.32032538680818,2.5955172413793104,1.0417241379310345,wet
2026-03-06,114.31831392667188,2.6081250000000002,1.1578125,wet
2026-03-07,114.31593727208097,2.2503448275862072,1.1334482758620688,wet
2026-03-08,114.31284222056246,1.698666666666667,1.1336666666666664,wet
2026-03-09,114.3112213808522,1.4637037037037035,1.220925925925926,wet
2026-03-10,114.30982174928832,3.0983333333333336,1.1938333333333335,wet
2026-03-11,114.30674586694636,1.640689655172414,1.1760344827586207,wet
2026-03-12,114.30258539820696,1.676551724137931,1.192413793103448,wet
2026-03-13,114.29802207772208,1.2071428571428573,1.1603571428571429,wet
2026-03-14,114.29370793996506,1.5507142857142857,1.3571428571428572,wet
2026-03-15,114.29079576990964,0.49400000000000005,1.368,wet
2026-03-16,114.28889770159937,1.135,1.4834615384615384,wet
2026-03-17,114.28652058222113,1.053448275862069,1.3955172413793104,wet
2026-03-18,114.28415065676174,2.162333333333333,1.4186666666666665,wet
2026-03-19,114.28259699405623,1.4300000000000002,1.393333333333333,wet
2026-03-20,114.27828215074196,1.196,1.5421666666666667,wet
2026-03-21,114.27369104539228,1.7766666666666668,1.4531481481481479,wet
2026-03-22,114.27277484424974,1.5262962962962967,1.6255555555555556,wet
2026-03-23,114.27222617365928,1.7420000000000002,1.4971999999999999,wet
2026-03-24,114.27043047614295,2.445625,1.5675,wet
2026-03-25,114.26813960825743,1.593703703703704,1.5903703703703704,wet
2026-03-26,114.26560638326885,2.012758620689655,1.6379310344827585,wet
2026-03-27,114.26283977629163,2.548928571428571,1.5810714285714287,wet
2026-03-28,114.26015467423376,2.446785714285715,1.59125,wet
2026-03-29,114.25729896166315,2.48625,1.6624999999999999,wet
2026-03-30,114.25483528304679,2.753214285714286,1.6692857142857145,wet
2026-03-31,114.25257400305115,1.6981250000000003,1.9296875,wet
2026-04-01,114.24992570523042,1.57625,1.911875,wet
2026-04-02,114.24718685923682,2.2405882352941178,1.9251470588235295,wet
2026-04-03,114.2445968818866,2.429375,1.7753124999999998,wet
2026-04-04,114.24210807740961,2.633703703703704,1.826111111111111,wet
2026-04-05,114.23955181701236,0.9099999999999999,1.8507407407407408,wet
2026-04-06,114.23689892381371,1.582413793103448,2.073620689655172,wet
2026-04-07,114.23427344723166,1.5884375000000002,2.09890625,wet
2026-04-08,114.23163655539176,3.157142857142857,2.0051785714285715,wet
2026-04-09,114.22893902037539,1.3693333333333335,2.128,wet
2026-04-10,114.22625097359862,1.6206666666666667,1.9791666666666667,wet
2026-04-11,114.2235990833031,1.2372413793103447,2.122758620689655,wet
2026-04-12,114.22099061363232,2.16,2.1009615384615383,wet
2026-04-13,114.21848361676896,1.3770370370370373,1.9387037037037036,wet
2026-04-14,114.21611127625243,3.4264285714285716,1.8558928571428572,wet
2026-04-15,114.21374476184826,1.2696666666666667,2.0931666666666664,wet
2026-04-16,114.21131836473765,1.1122222222222224,2.382037037037037,wet
2026-04-17,114.2087383310791,0.675,2.5430769230769226,wet
2026-04-18,114.2060650098085,1.2327586206896552,2.407758620689655,wet
2026-04-19,114.20341342238555,1.6946428571428573,2.490357142857143,wet
2026-04-20,114.20069949954863,1.125,2.7476923076923074,wet
2026-04-21,114.19784542345936,1.5236,2.5346,wet
2026-04-22,114.1948952687867,1.2662962962962963,2.4031481481481483,wet
2026-04-23,114.19200289854773,2.029677419354839,2.4424193548387096,wet
2026-04-24,114.18922627491156,2.795,2.28,wet
2026-04-25,114.18655231990627,1.353793103448276,2.217758620689655,wet
2026-04-26,114.18407170427558,2.6400000000000006,1.9621153846153843,wet
2026-04-27,114.18165232598612,1.885,2.5610416666666667,wet
2026-04-28,114.17928645527411,2.392962962962963,2.149814814814815,wet
2026-04-29,114.17699838843488,2.999285714285714,2.1374999999999997,wet
2026-04-30,114.17479141359965,4.362647058823529,2.2436764705882353,wet
2026-05-01,114.17237794671347,3.190909090909091,2.187878787878788,wet
2026-05-02,114.1699696061847,2.1427586206896554,2.381551724137931,wet
2026-05-03,114.16762346913139,1.5779310344827588,2.2210344827586206,wet
2026-05-04,114.16543005757411,1.8110344827586207,2.4798275862068966,wet
2026-05-05,114.16327984080874,1.8153571428571431,2.378392857142857,wet
2026-05-06,114.1611784212941,4.08107142857143,2.263035714285714,wet
2026-05-07,114.15907575370404,2.0196428571428573,2.598928571428571,wet
2026-05-08,114.15691178081657,2.2056666666666667,2.5555,wet
2026-05-09,114.15475644983765,1.612,2.4605,wet
2026-05-10,114.15254773674806,3.5239285714285713,2.4225000000000003,wet
2026-05-11,114.15037430028974,2.4296551724137934,2.6239655172413787,wet
2026-05-12,114.14819234107884,1.5407407407407407,2.49462962962963,wet
2026-05-13,114.14593489313317,2.9412499999999997,2.7342187499999997,wet
2026-05-14,114.14370900179793,1.9410344827586208,2.5551724137931036,wet
2026-05-15,114.14148218007284,2.5653333333333337,2.6156666666666664,wet
2026-05-16,114.13921300441247,1.8107142857142857,2.6464285714285714,wet
2026-05-17,114.13682572877123,1.9948275862068967,2.88603448275862,wet
2026-05-18,114.13442535187897,2.9900000000000007,2.853275862068965,wet
2026-05-19,114.13190416116392,3.397333333333334,3.0305,wet
2026-05-20,114.12932887665617,4.168387096774194,2.748870967741935,wet
2026-05-21,114.12668141273478,4.107037037037037,3.04,wet
2026-05-22,114.12401108220983,2.110333333333333,2.945,wet
2026-05-23,114.12130386660732,1.5643333333333334,2.9513333333333334,wet
2026-05-24,114.11863680562053,1.7237037037037035,2.7796296296296297,wet
2026-05-25,114.11598393327975,3.2456666666666667,3.0748333333333333,wet
2026-05-26,114.11339916828867,1.649655172413793,3.0531034482758623,wet
2026-05-27,114.1107820274886,2.08,2.9696296296296296,wet
2026-05-28,114.10826491211454,4.03962962962963,2.871111111111111,wet
2026-05-29,114.10568990202795,2.115862068965517,3.2463793103448273,wet
2026-05-30,114.10305977782782,2.001212121212121,3.163787878787879,wet
2026-05-31,114.10039903558037,3.5628125,3.170625,wet
2026-06-01,114.09740626525118,2.68125,3.30421875,wet
2026-06-02,114.09439128430857,1.7116666666666667,3.375666666666667,wet
2026-06-03,114.0913983533079,4.443214285714286,3.019642857142857,wet
2026-06-04,114.0884600623265,5.525,3.008333333333333,wet
2026-06-05,114.08569895930816,4.137586206896551,2.8925862068965515,wet
2026-06-06,114.08308135860884,2.3148387096774194,2.7733870967741936,wet
2026-06-07,114.08043973028794,2.6346666666666665,3.318666666666666,wet
2026-06-08,114.07768950407221,3.8903703703703703,3.7049999999999996,wet
2026-06-09,114.07498774591136,2.384827586206897,3.315172413793104,wet
2026-06-10,114.0722178673154,2.3585714285714285,3.4267857142857143,wet
2026-06-11,114.06943064729037,3.8896,3.1426000000000003,wet
2026-06-12,114.06663998659457,1.3130000000000002,3.2014999999999993,wet
2026-06-13,114.06377808913281,2.918709677419355,3.3249999999999997,wet
2026-06-14,114.06096181614862,1.9825000000000002,3.2978571428571426,wet
2026-06-15,114.05832965762079,1.1507407407407408,3.332037037037037,wet
2026-06-16,114.05566127820705,1.8055555555555556,3.666296296296296,wet
2026-06-17,114.05294625435636,2.367857142857143,3.416607142857143,wet
2026-06-18,114.05006792057328,3.0875,3.606041666666666,wet
2026-06-19,114.04708280882286,4.9725,3.5082142857142857,wet
2026-06-20,114.04408454137575,1.26,3.303076923076923,wet
2026-06-21,114.04101191750532,2.1550000000000002,3.7342307692307695,wet
2026-06-22,114.03798033047465,3.527931034482759,3.462586206896552,wet
2026-06-23,114.03496315545856,0.7939285714285715,3.854285714285714,wet
2026-06-24,114.03177837289496,1.1117241379310345,4.186551724137931,wet
2026-06-25,114.02857290102983,3.0348275862068967,3.636206896551724,wet
2026-06-26,114.02533520596906,1.5017241379310344,3.9277586206896555,wet
2026-06-27,114.0219707874519,0.9517857142857142,3.8305357142857144,wet
2026-06-28,114.01857299724085,1.927586206896552,3.8393103448275867,wet
2026-06-29,114.01506415129572,1.5725806451612905,4.078870967741935,wet
2026-06-30,114.01164779644475,1.9224242424242424,3.6848484848484846,wet
2026-07-01,114.00806654402425,1.5796969696969696,3.61,wet
2026-07-02,114.00441341648146,2.265151515151515,3.9525757575757576,wet
2026-07-03,114.00083180880156,3.0853333333333337,3.7335,wet
2026-07-04,113.9973273391733,2.6481481481481484,3.648703703703704,wet
2026-07-05,113.99399936232376,2.431,3.445333333333333,wet
2026-07-06,113.99080567845618,3.583666666666667,3.5814999999999997,wet
2026-07-07,113.98757623665637,2.117142857142857,3.9323214285714285,wet
2026-07-08,113.98430829164907,3.26969696969697,3.837424242424243,wet
2026-07-09,113.98100932365159,1.3545161290322578,3.962419354838709,wet
2026-07-10,113.97771865335262,2.1363333333333334,3.8854999999999995,wet
2026-07-11,113.974389142621,0.6692592592592592,4.070925925925926,wet
2026-07-12,113.97108057622802,3.2326666666666664,3.644833333333333,wet
2026-07-13,113.9678859149529,4.3500000000000005,3.664807692307692,wet
2026-07-14,113.96475150640951,2.5025000000000004,3.8474999999999997,wet
2026-07-15,113.9615074785627,1.157,4.309833333333333,wet
2026-07-16,113.95824568600801,1.7855882352941177,4.020735294117647,wet
2026-07-17,113.95490476572537,0.9966666666666668,4.221166666666666,wet
2026-07-18,113.9513847343933,1.4516666666666667,4.575833333333333,wet
2026-07-19,113.94766852367603,3.277857142857143,4.390357142857143,wet
2026-07-20,113.94393666402804,3.214137931034483,3.9703448275862065,wet
2026-07-21,113.94023644560082,1.0777419354838709,3.9899999999999993,wet
2026-07-22,113.93664572626845,0.6455172413793103,3.9637931034482756,wet
2026-07-23,113.93306096320867,2.7560000000000002,4.103999999999999,wet
2026-07-24,113.92949330663336,4.1832142857142856,3.9764285714285714,wet
2026-07-25,113.92615985396654,1.6061290322580648,3.9041935483870973,wet
2026-07-26,113.92302996061544,3.0990322580645167,3.4046774193548384,wet
2026-07-27,113.92001443966856,3.718928571428571,3.216428571428571,wet
2026-07-28,113.91709966884024,1.6648387096774195,3.3556451612903224,wet
2026-07-29,113.91429476511387,1.026551724137931,3.5444827586206897,wet
2026-07-30,113.91160354459647,1.9716666666666667,3.739833333333333,wet
2026-07-31,113.9090456884324,1.1960000000000002,3.7936666666666663,wet
2026-08-01,113.90626842134424,1.7021875,3.80890625,wet
2026-08-02,113.90345045817928,1.8065517241379312,3.86551724137931,wet
2026-08-03,113.900594044738,0.5155172413793104,3.7115517241379306,wet
2026-08-04,113.89779359827698,2.824137931034483,3.5903448275862067,wet
2026-08-05,113.89501906941064,1.924,3.803166666666666,wet
2026-08-06,113.89230946780063,2.2687096774193547,3.689677419354839,wet
2026-08-07,113.88958614871238,3.6539285714285716,3.9425000000000003,wet
2026-08-08,113.88690048154642,2.4932142857142856,3.7626785714285713,wet
2026-08-09,113.88429102039481,2.205357142857143,3.392857142857143,wet
2026-08-10,113.88158064105109,1.6900000000000002,3.5796,wet
2026-08-11,113.8788475538238,1.4386666666666668,3.648,wet
2026-08-12,113.87609015805279,1.239642857142857,3.9866071428571423,wet
2026-08-13,113.87339599677942,1.883030303030303,3.529393939393939,wet
2026-08-14,113.87089816282356,2.652962962962963,3.2511111111111113,wet
2026-08-15,113.86855338280033,2.706785714285714,3.25375,wet
2026-08-16,113.86614483788087,0.6267857142857143,3.5557142857142856,wet
2026-08-17,113.86378323598754,2.3096666666666668,3.1983333333333333,wet
2026-08-18,113.86154229631586,2.695333333333333,2.9671666666666665,wet
2026-08-19,113.85954510255694,1.9600000000000004,3.083846153846154,wet
2026-08-20,113.85770445207328,2.7132258064516135,2.889838709677419,wet
2026-08-21,113.85586346207725,1.2013793103448278,3.2332758620689654,wet
2026-08-22,113.85403359894106,1.8616000000000004,3.2034,wet
2026-08-23,113.85224561052338,2.4867741935483876,3.2116129032258063,wet
2026-08-24,113.85047120659252,1.6362068965517242,3.1775862068965512,wet
2026-08-25,113.84879572198304,3.548518518518519,2.937962962962963,wet
2026-08-26,113.8472542203976,2.4834482758620693,3.180862068965517,wet
2026-08-27,113.84576559881906,2.0150000000000006,2.9988333333333332,wet
2026-08-28,113.84427119859168,1.149032258064516,3.1472580645161288,wet
2026-08-29,113.84280581569746,2.3207407407407405,2.9696296296296296,wet
2026-08-30,113.84151334997436,0.65,2.736,wet
2026-08-31,113.84025059451143,2.0563636363636366,2.9248484848484844,wet
2026-09-01,113.83864471055026,1.1503030303030302,2.7895454545454546,wet
2026-09-02,113.83712885250306,1.7289999999999999,2.8151666666666664,wet
2026-09-03,113.83568186074883,2.7434482758620695,2.7812068965517245,wet
2026-09-04,113.83438919138764,1.8893333333333335,2.552333333333333,wet
2026-09-05,113.83317460887385,1.6435714285714285,2.700714285714285,wet
2026-09-06,113.83198016253549,2.2351612903225804,2.4914516129032256,wet
2026-09-07,113.83085067115499,2.2842857142857143,2.704107142857143,wet
2026-09-08,113.8296628217928,2.7764285714285717,2.8024999999999998,wet
2026-09-09,113.82846397959737,1.360357142857143,2.785535714285714,wet
2026-09-10,113.82726331756415,1.243125,2.755,wet
2026-09-11,113.82607382183224,1.1514285714285715,2.473392857142857,wet
2026-09-12,113.82501654665803,3.725172413793103,2.230862068965517,wet
2026-09-13,113.82408379225892,4.680000000000001,2.164642857142857,wet
2026-09-14,113.82324463446353,2.4027586206896556,2.3913793103448273,wet
2026-09-15,113.82254989059007,2.86,2.199074074074074,wet
2026-09-16,113.82197167032403,1.4067857142857143,2.30375,wet
2026-09-17,113.82154285438959,2.6975,2.1273214285714284,wet
2026-09-18,113.82110212013156,1.652258064516129,2.286129032258064,wet
2026-09-19,113.82069116849848,1.2325925925925927,2.185,wet
2026-09-20,113.82025594641824,1.824193548387097,2.1941935483870965,wet
2026-09-21,113.8198254611291,1.4703448275862068,2.3029310344827585,wet
2026-09-22,113.81941072346666,2.583225806451613,2.1941935483870965,wet
2026-09-23,113.81911717795417,2.218666666666667,1.9506666666666665,wet
2026-09-24,113.81898594461882,2.6046428571428573,1.8151785714285715,wet
2026-09-25,113.81895931704976,1.9175000000000002,1.81390625,wet
2026-09-26,113.81896542756263,3.11037037037037,1.738148148148148,wet
2026-09-27,113.81892228892677,2.362413793103448,1.913103448275862,wet
2026-09-28,113.81898659473765,1.6064285714285715,1.7608928571428568,wet
2026-09-29,113.81913153770581,2.0840625000000004,1.79015625,wet
2026-09-30,113.81928868731471,1.1825806451612904,1.8019354838709676,wet
2026-10-01,113.81915342289135,2.8639393939393942,1.6437878787878788,wet
2026-10-02,113.81912015389655,4.298666666666667,1.539,wet
2026-10-03,113.81921885177735,1.5089285714285716,1.5064285714285712,wet
2026-10-04,113.81946275604072,2.3313333333333333,1.4598333333333333,wet
2026-10-05,113.81977504624446,3.028518518518519,1.5727777777777778,wet
2026-10-06,113.82020509407072,2.325,1.4067307692307693,wet
2026-10-07,113.82065412958022,1.8362500000000002,1.5556249999999998,wet
2026-10-08,113.82110570850375,2.541290322580645,1.317741935483871,wet
2026-10-09,113.82156353584625,3.2846666666666664,1.3901666666666666,wet
2026-10-10,113.8219650499839,5.418214285714286,1.4216071428571428,wet
2026-10-11,113.82236860169904,2.4251724137931037,1.4577586206896551,wet
2026-10-12,113.8228279748062,1.43,1.4905172413793102,wet
2026-10-13,113.82327478341827,0.49758620689655175,1.539655172413793,wet
2026-10-14,113.823744965866,2.483,1.4851666666666665,wet
2026-10-15,113.82423581998798,1.5306451612903227,1.222741935483871,wet
2026-10-16,113.82474465295394,2.7764285714285717,1.1366071428571427,wet
2026-10-17,113.82534294842529,2.0707142857142857,1.1841071428571428,wet
2026-10-18,113.82595834285424,3.052758620689655,1.1989655172413793,wet
2026-10-19,113.82660312344183,3.317241379310345,1.166206896551724,wet
2026-10-20,113.82728904642045,5.0520689655172415,1.1236206896551721,wet
2026-10-21,113.82806605850163,4.583548387096775,1.035806451612903,wet
2026-10-22,113.82881558853312,2.4386206896551723,1.0318965517241379,wet
2026-10-23,113.82954163536637,1.5089285714285716,1.0382142857142858,wet
2026-10-24,113.8302401692439,3.0151612903225806,1.0756451612903226,wet
2026-10-25,113.8310112358477,2.021724137931035,0.956551724137931,wet
2026-10-26,113.83186750222235,2.3539285714285714,1.0042857142857142,wet
2026-10-27,113.83280758394304,2.7828125,1.0390625,wet
2026-10-28,113.83383414474419,3.2413333333333334,0.8423333333333334,wet
2026-10-29,113.8348699419004,3.3889655172413793,0.9106896551724137,wet
2026-10-30,113.8358774880182,1.7285185185185183,0.8514814814814814,wet
2026-10-31,113.83693070412492,2.4975757575757576,0.8837878787878788,wet
2026-11-01,113.83766649881633,4.794242424242425,0.9240909090909091,wet
2026-11-02,113.83847443637346,2.9821212121212124,0.6793939393939394,wet
2026-11-03,113.839359913271,4.478275862068966,0.779655172413793,wet
2026-11-04,113.84020041908325,2.5748387096774197,0.8396774193548386,wet
2026-11-05,113.84106630513338,1.5426666666666669,0.8233333333333334,wet
2026-11-06,113.84199126567603,4.9175862068965515,0.6420689655172414,wet
2026-11-07,113.8429715742068,1.5166666666666668,0.6903333333333334,wet
2026-11-08,113.84404876908893,2.587,0.5605,wet
2026-11-09,113.84511186519693,3.358333333333334,0.6618333333333333,wet
2026-11-10,113.84621716295842,2.028,0.5795,wet
2026-11-11,113.84732288727224,3.744838709677419,0.594516129032258,wet
2026-11-12,113.84839930227383,1.6110714285714285,0.6005357142857143,wet
2026-11-13,113.84946926948442,1.9993103448275862,0.6453448275862069,wet
2026-11-14,113.85053559637836,1.2210714285714286,0.6039285714285715,wet
2026-11-15,113.85157698820464,1.8936666666666668,0.57,wet
2026-11-16,113.85264700718027,2.4266666666666667,0.4718333333333333,wet
2026-11-17,113.85367604522385,1.3086666666666669,0.5351666666666666,wet
2026-11-18,113.85473788119847,2.5203225806451615,0.5148387096774194,wet
2026-11-19,113.85581378264614,1.5510344827586207,0.5601724137931035,wet
2026-11-20,113.85686314927798,4.625483870967742,0.4995161290322581,wet
2026-11-21,113.85793343287591,2.002962962962963,0.4574074074074074,wet
2026-11-22,113.85895262164783,1.859,0.5921666666666666,wet
2026-11-23,113.85993013564891,3.848928571428571,0.49874999999999997,wet
2026-11-24,113.86089514258374,2.2533333333333334,0.47816666666666663,wet
2026-11-25,113.86180983697619,2.172857142857143,0.5360714285714285,wet
2026-11-26,113.8627235540121,2.181111111111111,0.46092592592592596,wet
2026-11-27,113.86368691790116,2.479285714285714,0.44785714285714284,wet
2026-11-28,113.86465084934576,2.3833333333333333,0.4433333333333333,wet
2026-11-29,113.86562197368174,1.911,0.46549999999999997,wet
2026-11-30,113.86657975592952,2.5065625000000002,0.46312499999999995,wet
2026-12-01,113.86721823302351,2.3196875,0.44234375,wet
2026-12-02,113.86787653549072,1.8468965517241382,0.4225862068965517,wet
2026-12-03,113.86857116081524,4.2774193548387105,0.4841935483870967,wet
2026-12-04,113.86922163870256,3.25,0.4167741935483871,wet
2026-12-05,113.86985910827238,2.2822222222222224,0.4187037037037037,wet
2026-12-06,113.87052317284355,1.7029999999999998,0.44649999999999995,wet
2026-12-07,113.87117124665484,3.825714285714286,0.44107142857142856,wet
2026-12-08,113.87179052263104,3.6399999999999997,0.475,wet
2026-12-09,113.87236714319927,2.9586206896551728,0.49793103448275855,wet
2026-12-10,113.872967533295,1.7079310344827587,0.4291379310344828,wet
2026-12-11,113.87356496571482,2.310645161290323,0.3830645161290322,wet
2026-12-12,113.8741441438747,3.0225,0.37321428571428567,wet
2026-12-13,113.87468938847758,2.120344827586207,0.4586206896551724,wet
2026-12-14,113.87521911309992,1.1003571428571428,0.4614285714285714,wet
2026-12-15,113.87576319591315,4.248214285714286,0.4478571428571429,wet
2026-12-16,113.87632211710557,2.486774193548387,0.4504838709677419,wet
2026-12-17,113.87682953400802,1.407586206896552,0.40620689655172415,wet
2026-12-18,113.87730885727154,2.9379999999999997,0.3641666666666667,wet
2026-12-19,113.8777881082875,3.2981481481481483,0.35537037037037034,wet
2026-12-20,113.87828904065721,3.8148275862068965,0.37999999999999995,wet
2026-12-21,113.87875320112433,3.254333333333333,0.4021666666666666,wet
2026-12-22,113.87919098331957,2.9683333333333333,0.47816666666666663,wet
2026-12-23,113.8796287794174,2.7256666666666667,0.4275,wet
2026-12-24,113.88004093756575,2.478666666666667,0.456,wet
2026-12-25,113.8804220668819,2.1189999999999998,0.4148333333333333,wet
2026-12-26,113.88075616113335,2.4916666666666667,0.48133333333333334,wet
2026-12-27,113.88108414930167,2.2706666666666666,0.48766666666666664,wet
2026-12-28,113.88143749935723,3.205172413793104,0.4422413793103448,wet
2026-12-29,113.88177921852646,2.4475862068965517,0.393103448275862,wet
2026-12-30,113.88211490980703,3.178275862068966,0.4193103448275862,wet
2026-12-31,113.8824646527312,1.5324242424242425,0.4462121212121212,wet
2027-01-01,113.88370922507875,4.623125,0.439375,wet
2027-01-02,113.88491088103923,2.347878787878788,0.4462121212121212,wet
2027-01-03,113.88596254390458,3.2456666666666667,0.46233333333333326,wet
2027-01-04,113.88699691210623,2.398709677419355,0.392258064516129,wet
2027-01-05,113.8880152129575,1.9500000000000002,0.38655172413793104,wet
2027-01-06,113.88902552522387,2.0843333333333334,0.3673333333333333,wet
2027-01-07,113.89000458850919,1.6992857142857143,0.4173214285714286,wet
2027-01-08,113.8910788775305,3.49741935483871,0.3861290322580645,wet
2027-01-09,113.89220952908138,1.7853333333333337,0.43066666666666664,wet
2027-01-10,113.89341096110245,1.8546666666666665,0.3736666666666667,wet
2027-01-11,113.89461751230095,2.0607407407407408,0.4362962962962963,wet
2027-01-12,113.8958333204911,2.1248275862068966,0.37344827586206897,wet
2027-01-13,113.89702733466426,1.7282352941176473,0.458235294117647,wet
2027-01-14,113.89820334709758,1.3089655172413794,0.5765517241379311,wet
2027-01-15,113.89934184471394,2.7255172413793103,0.5175862068965517,wet
2027-01-16,113.90048890752482,2.1635714285714287,0.4885714285714286,wet
2027-01-17,113.9016496940108,3.003,0.4433333333333333,wet
2027-01-18,113.90286126092981,1.941034482758621,0.37344827586206897,wet
2027-01-19,113.90409219919117,1.2767857142857142,0.43428571428571433,wet
2027-01-20,113.90533598540019,1.5851612903225805,0.475,wet
2027-01-21,113.9066047032986,3.4093548387096777,0.5669354838709677,wet
2027-01-22,113.90789797922491,4.567931034482759,0.475,wet
2027-01-23,113.9092097400108,2.3053333333333335,0.5256666666666666,wet
2027-01-24,113.91053954011878,1.6992857142857143,0.5055357142857143,wet
2027-01-25,113.91187712650847,1.7617241379310347,0.43896551724137933,wet
2027-01-26,113.91323164550869,2.864333333333333,0.4116666666666667,wet
2027-01-27,113.91460660239426,1.9621875,0.5284375,wet
2027-01-28,113.91606711890933,1.6466666666666667,0.5668333333333334,wet
2027-01-29,113.91760994851701,2.6975000000000002,0.44107142857142856,wet
2027-01-30,113.9192022828032,1.889333333333333,0.46549999999999997,wet
2027-01-31,113.92076440106547,2.3705882352941177,0.5308823529411765,wet
2027-02-01,113.9219680769217,2.8721875000000003,0.5551562499999999,wet
2027-02-02,113.92317542090318,1.7959259259259257,0.5488888888888888,wet
2027-02-03,113.92443123573511,2.1165625,0.6353125,wet
2027-02-04,113.92571321046034,1.9803333333333335,0.5573333333333333,wet
2027-02-05,113.92695024456732,2.1248275862068966,0.6453448275862069,wet
2027-02-06,113.92818041918729,2.4280645161290324,0.6619354838709677,wet
2027-02-07,113.92943183913846,2.106896551724138,0.6912068965517241,wet
2027-02-08,113.93068445658177,2.2279310344827588,0.6289655172413793,wet
2027-02-09,113.93191436134605,3.2114814814814814,0.5911111111111111,wet
2027-02-10,113.93316520355484,2.9290624999999997,0.63234375,wet
2027-02-11,113.93441092906066,1.7509375,0.7065625,wet
2027-02-12,113.93562740562598,2.172258064516129,0.6987096774193547,wet
2027-02-13,113.93684650661129,4.533225806451613,0.6619354838709677,wet
2027-02-14,113.93804915351828,2.8017241379310347,0.7731034482758621,wet
2027-02-15,113.9392291039341,1.6631034482758622,0.7305172413793103,wet
2027-02-16,113.94038637917681,1.153225806451613,0.8182258064516128,wet
2027-02-17,113.94150388916665,1.1655172413793105,0.9532758620689655,wet
2027-02-18,113.94260632447482,2.0973333333333333,0.8328333333333333,wet
2027-02-19,113.94375061213556,1.6362068965517242,0.6551724137931034,wet
2027-02-20,113.94490851163508,1.4644117647058823,0.7767647058823529,wet
2027-02-21,113.94606561697555,1.2393333333333334,0.8835,wet
2027-02-22,113.94719963260614,1.9206451612903228,0.8182258064516128,wet
2027-02-23,113.94831166426376,1.1879310344827587,0.7927586206896552,wet
2027-02-24,113.94942236085326,3.145161290322581,0.9254838709677419,wet
2027-02-25,113.95055003132886,2.7685185185185186,0.9007407407407407,wet
2027-02-26,113.95157203917293,2.0190625,1.07171875,wet
2027-02-27,113.95249659963186,1.8396969696969696,0.9615151515151513,wet
2027-02-28,113.95341598982928,1.5403030303030303,0.9701515151515151,wet
